{
  "1. Only BCE": {
    "train_loss": [
      0.5745445649538722,
      0.5530123586455981,
      0.5012960854385581,
      0.4958044361500513,
      0.4862779238749118
    ],
    "test_loss": [
      0.5224892182482613,
      0.5321760111384921,
      0.5071839541196823,
      0.5159143308798472,
      0.5206029547585381
    ],
    "train_iou": [
      0.6337868099688508,
      0.6546328353343553,
      0.6698991753870532,
      0.6736625241381782,
      0.6813393657406172
    ],
    "test_iou": [
      0.6633629103501638,
      0.6380430128839281,
      0.6812292006280687,
      0.6681432028611501,
      0.6939491099781461
    ],
    "train_acc": [
      0.7242917398966494,
      0.7486308754554817,
      0.7617777032511575,
      0.76533466506572,
      0.7714415249370393
    ],
    "test_acc": [
      0.7513253887494405,
      0.7367547551790873,
      0.7561780777242448,
      0.7567950487136841,
      0.7673999501599206
    ]
  },
  "2. Only Dice": {
    "train_loss": [
      0.2814470118887368,
      0.2802615435350509,
      0.2801741028115863,
      0.27981696960826713,
      0.280272389983847
    ],
    "test_loss": [
      0.25948161962959504,
      0.25948161962959504,
      0.25948161962959504,
      0.25948161962959504,
      0.25948161962959504
    ],
    "train_iou": [
      0.5792246489297777,
      0.5802648331792581,
      0.5806588026739302,
      0.5809211283922195,
      0.5803793439907687
    ],
    "test_iou": [
      0.6045166336827807,
      0.6045166336827807,
      0.6045166336827807,
      0.6045166336827807,
      0.6045166336827807
    ],
    "train_acc": [
      0.5797020448815255,
      0.580264849144788,
      0.5806588159785384,
      0.5809211413420382,
      0.5803793578275612
    ],
    "test_acc": [
      0.6045166585180495,
      0.6045166585180495,
      0.6045166585180495,
      0.6045166585180495,
      0.6045166585180495
    ]
  },
  "3. BCE(0.5) + Dice(0.5)": {
    "train_loss": [
      0.6574194556368249,
      0.36525632068514824,
      0.3382867586222433,
      0.3187722380139998,
      0.30731900107292903
    ],
    "test_loss": [
      0.39139897790220046,
      0.357461665239599,
      0.32629357775052387,
      0.31042346523867714,
      0.31575846506489647
    ],
    "train_iou": [
      0.6396300984058707,
      0.699004997809728,
      0.7197481592496237,
      0.733456018779959,
      0.7426697906284105
    ],
    "test_iou": [
      0.6866621540652381,
      0.701899250348409,
      0.7264204952451918,
      0.7452247473928664,
      0.7316495478153229
    ],
    "train_acc": [
      0.7220846022523585,
      0.7833511694556191,
      0.8032312606062207,
      0.8160001812946229,
      0.8239035106131009
    ],
    "test_acc": [
      0.7697788609398736,
      0.7878786259227328,
      0.8080278436342875,
      0.8158880935774909,
      0.8190753824181027
    ]
  },
  "4. BCE(0.2) + Dice(0.8)": {
    "train_loss": [
      0.4101523141421023,
      0.27855452407328857,
      0.2613366400556905,
      0.24891719239808263,
      0.2436131596387852
    ],
    "test_loss": [
      0.2956216699547238,
      0.2678297410408656,
      0.2600027190314399,
      0.2407493856218126,
      0.2679527931743198
    ],
    "train_iou": [
      0.6533620520716622,
      0.7083413508676347,
      0.7240674257988021,
      0.7358347237819717,
      0.7398582349220911
    ],
    "test_iou": [
      0.6969860361682044,
      0.7173051767879062,
      0.7316602965195974,
      0.7394253843360477,
      0.7192511392964257
    ],
    "train_acc": [
      0.7182418134595666,
      0.7886013466687429,
      0.8030361408988634,
      0.8154258508057821,
      0.8188635440809386
    ],
    "test_acc": [
      0.7674373620086246,
      0.7948407663239373,
      0.8009452952278985,
      0.8175950712627835,
      0.8051115473111471
    ]
  },
  "5. BCE(0.8) + Dice(0.2)": {
    "train_loss": [
      0.621482482800881,
      0.4918618097546555,
      0.4560787026726064,
      0.3750912891257377,
      0.31584409136502517
    ],
    "test_loss": [
      0.4888915502362781,
      0.469390826092826,
      0.4337831139564514,
      0.3544113387664159,
      0.27757752107249367
    ],
    "train_iou": [
      0.6378822043299719,
      0.6481807952125868,
      0.6782129197603181,
      0.7346874049731663,
      0.7752102797939664
    ],
    "test_iou": [
      0.649856170018514,
      0.6591907872094048,
      0.6947681936952803,
      0.7582594255606333,
      0.8049304220411513
    ],
    "train_acc": [
      0.7246448214919794,
      0.7395095372838634,
      0.7662231840548062,
      0.8195769517194658,
      0.8538594086255346
    ],
    "test_acc": [
      0.7441417111290826,
      0.746810730960634,
      0.7752156953016917,
      0.8222039010789659,
      0.872222277853224
    ]
  }
}