{
  "train_loss": [
    0.41921391391328405,
    0.34774121553415344,
    0.3164858764835766,
    0.3019376543483564,
    0.29429226288838045
  ],
  "test_loss": [
    0.36185134450594586,
    0.3263831122053994,
    0.3107811121477021,
    0.30195879687865573,
    0.31884092340866727
  ],
  "train_iou": [
    0.6624018412438177,
    0.7139699086546898,
    0.7368834178362574,
    0.7467798211035275,
    0.7533185691350982
  ],
  "test_iou": [
    0.7119117743439145,
    0.7306938933001624,
    0.7387287848525577,
    0.751048680808809,
    0.7338958117696974
  ],
  "train_acc": [
    0.7416855946537995,
    0.8002875230851627,
    0.8196507720720201,
    0.8284158763431367,
    0.8341335537178176
  ],
  "test_acc": [
    0.7809660732746124,
    0.8051595456070371,
    0.8202672898769379,
    0.8262086908022562,
    0.8249804609351687
  ]
}