{
  "1. Only BCE": {
    "train_loss": [
      0.5259902053290889,
      0.3905796329712584,
      0.33934023408662706,
      0.30667924224620774,
      0.3097890865589891
    ],
    "test_loss": [
      0.4424656679232915,
      0.3538094725873735,
      0.3005248283346494,
      0.3445512495107121,
      0.2910270144542058
    ],
    "train_iou": [
      0.6502980200526681,
      0.7462952903338841,
      0.7858285513662157,
      0.8073646514898255,
      0.8039386701725778
    ],
    "test_iou": [
      0.721321874194675,
      0.7853507896264394,
      0.8197492327955034,
      0.804338792959849,
      0.8219349516762627
    ],
    "train_acc": [
      0.7419171150596369,
      0.8336173313714209,
      0.8632282465696335,
      0.8803480760682196,
      0.8768226958456493
    ],
    "test_acc": [
      0.8152247667312622,
      0.8583605852391984,
      0.8843163516786363,
      0.8656351566314697,
      0.8859257698059082
    ]
  },
  "2. Only Dice": {
    "train_loss": [
      0.2823224946679104,
      0.2798941256034942,
      0.28011032318075496,
      0.28021585533306714,
      0.2797212390495198
    ],
    "test_loss": [
      0.25948161962959504,
      0.25948161962959504,
      0.25948161962959504,
      0.25948161962959504,
      0.25948161962959504
    ],
    "train_iou": [
      0.5793358358953681,
      0.5809318579378582,
      0.5807497258342448,
      0.5804599039256573,
      0.5811105104429382
    ],
    "test_iou": [
      0.6045166336827807,
      0.6045166336827807,
      0.6045166336827807,
      0.6045166336827807,
      0.6045166336827807
    ],
    "train_acc": [
      0.5793381155956359,
      0.5809318762095201,
      0.5807497380744844,
      0.5804599190042132,
      0.5811105260536784
    ],
    "test_acc": [
      0.6045166585180495,
      0.6045166585180495,
      0.6045166585180495,
      0.6045166585180495,
      0.6045166585180495
    ]
  },
  "3. BCE(0.5) + Dice(0.5)": {
    "train_loss": [
      0.597451375353904,
      0.35103031238984495,
      0.3182000740475598,
      0.30347751843787374,
      0.2955618371211347
    ],
    "test_loss": [
      0.40170927345752716,
      0.3572790738609102,
      0.3109624336163203,
      0.29376338836219573,
      0.31568945199251175
    ],
    "train_iou": [
      0.662342573862545,
      0.7116756432113194,
      0.7353925449507577,
      0.7445958859863735,
      0.7521618278253646
    ],
    "test_iou": [
      0.6990163889196184,
      0.6937340696652731,
      0.7349436812930636,
      0.753704696893692,
      0.7320752971702151
    ],
    "train_acc": [
      0.7451359721876326,
      0.7948251760431698,
      0.8167890455751192,
      0.8260292364727884,
      0.8312574692425274
    ],
    "test_acc": [
      0.755139923757977,
      0.7931858764754401,
      0.8184604247411092,
      0.8273320827219222,
      0.8201916052235497
    ]
  },
  "4. BCE(0.2) + Dice(0.8)": {
    "train_loss": [
      0.5489008492302327,
      0.28170351932446164,
      0.2579536320907729,
      0.24852932253409,
      0.23419127639915263
    ],
    "test_loss": [
      0.2958959374162886,
      0.27156897220346665,
      0.24961226847436693,
      0.26601751065916485,
      0.2277952018711302
    ],
    "train_iou": [
      0.6518954015558674,
      0.7062150765032995,
      0.726293261562075,
      0.7351868471929005,
      0.7497032525993529
    ],
    "test_iou": [
      0.6902776890330844,
      0.7136099504099952,
      0.7335023946232266,
      0.7175729837682512,
      0.7542233963807424
    ],
    "train_acc": [
      0.7157889522966885,
      0.7851574612515313,
      0.8060108866719973,
      0.8141885126630465,
      0.8278075889462516
    ],
    "test_acc": [
      0.7669911682605743,
      0.7943307061990103,
      0.8132312297821045,
      0.810042679309845,
      0.8295169274012247
    ]
  },
  "5. BCE(0.8) + Dice(0.2)": {
    "train_loss": [
      0.47530481024157434,
      0.3880351119275604,
      0.3607032675118673,
      0.3484393564008531,
      0.3452272273245312
    ],
    "test_loss": [
      0.4156973411639531,
      0.36670830845832825,
      0.3526013178957833,
      0.3630022704601288,
      0.3353487625718117
    ],
    "train_iou": [
      0.6661054704870496,
      0.7258101588203794,
      0.7425303895558629,
      0.748062748284567,
      0.7543737529998734
    ],
    "test_iou": [
      0.7123967077996995,
      0.7418005035983192,
      0.7592718104521433,
      0.7600693537129296,
      0.7569945255915324
    ],
    "train_acc": [
      0.748985798231193,
      0.8102980099973225,
      0.8262649476528168,
      0.8318097708480698,
      0.8360970914363861
    ],
    "test_acc": [
      0.789883424838384,
      0.8157078988022275,
      0.8308309449089898,
      0.8235411014821794,
      0.8381557431485918
    ]
  }
}