{
  "train_loss": [
    0.417661594138259,
    0.2954991470490183,
    0.21326480034206594,
    0.18090277621966033,
    0.164532997024556
  ],
  "test_loss": [
    0.3798121213912964,
    0.2637701622313923,
    0.1831137008137173,
    0.2029958888888359,
    0.16138497450285488
  ],
  "train_iou": [
    0.6683530080176535,
    0.7568034756751287,
    0.821126411713305,
    0.8471956075656981,
    0.8616891783617792
  ],
  "test_iou": [
    0.7088459200329251,
    0.7830296291245354,
    0.8513665629757775,
    0.8461812635262808,
    0.8654167486561669
  ],
  "train_acc": [
    0.7469537722922507,
    0.8367269173974082,
    0.8882800688346227,
    0.9071325024678594,
    0.9160876675021081
  ],
  "test_acc": [
    0.780097977982627,
    0.8629415333271027,
    0.9051518970065646,
    0.898045132557551,
    0.9176281127664778
  ]
}