{
  "Full fine-tune (freeze 0)": {
    "train_loss": [
      0.21205355049598784,
      0.14923066326550075,
      0.1379790510538788,
      0.1249930375433039,
      0.11519687842311603
    ],
    "test_loss": [
      0.15496684610843658,
      0.13680673059489992,
      0.12150421780016687,
      0.12132631904549068,
      0.11423679068684578
    ],
    "train_iou": [
      0.7821474692651204,
      0.8363763427450543,
      0.8478637745692617,
      0.861146901335035,
      0.8722229791539056
    ],
    "test_iou": [
      0.8333351115385691,
      0.8498663273122575,
      0.8651827375094095,
      0.8662162158224318,
      0.8757441010740068
    ],
    "train_acc": [
      0.8576057766165052,
      0.8985937227095876,
      0.9065008979468119,
      0.9156179857395944,
      0.9230667966462317
    ],
    "test_acc": [
      0.8885773486561246,
      0.9064731597900391,
      0.9133197930124071,
      0.9180220299296908,
      0.9231521719031863
    ]
  },
  "Freeze 1 block": {
    "train_loss": [
      0.20435834405500264,
      0.14606144469940946,
      0.13435181356700404,
      0.1175551229112205,
      0.11014742945276555
    ],
    "test_loss": [
      0.16626468507779968,
      0.12830671378307873,
      0.12210373539063665,
      0.1096176728606224,
      0.11302744307451779
    ],
    "train_iou": [
      0.7868420554413682,
      0.839596149112497,
      0.8523330908446085,
      0.8696241208485195,
      0.876713141089394
    ],
    "test_iou": [
      0.827025420135922,
      0.8587992290655772,
      0.8674145009782579,
      0.8798129426108466,
      0.8727279636594985
    ],
    "train_acc": [
      0.8605413358835947,
      0.9009752284203257,
      0.9089663564449265,
      0.9214358106255531,
      0.9263169974798248
    ],
    "test_acc": [
      0.8813195890850491,
      0.909210741519928,
      0.917314887046814,
      0.9243169128894806,
      0.9229703976048363
    ]
  },
  "Freeze 2 blocks": {
    "train_loss": [
      0.19068045173549936,
      0.1357042184099555,
      0.12163402259882007,
      0.10993689039189901,
      0.10208002932458407
    ],
    "test_loss": [
      0.15200796061091953,
      0.16538888919684622,
      0.1101117270688216,
      0.09205350445376502,
      0.10265658092167643
    ],
    "train_iou": [
      0.8003940768539906,
      0.8511932016838164,
      0.864423482190995,
      0.8770650075305075,
      0.8859823807364419
    ],
    "test_iou": [
      0.8301245404614342,
      0.8236019015312195,
      0.8799669179651473,
      0.8963226510418786,
      0.8865791592333052
    ],
    "train_acc": [
      0.8719566262194088,
      0.9089308313670612,
      0.9185469679179645,
      0.9262873026586714,
      0.9325633542168708
    ],
    "test_acc": [
      0.8941002090771993,
      0.8927891055742899,
      0.9266679651207395,
      0.9369556804498037,
      0.9302327235539755
    ]
  },
  "Freeze all encoder (4 blocks)": {
    "train_loss": [
      0.1732976022841675,
      0.12593145402414457,
      0.11728329488652803,
      0.10769910247819055,
      0.09926717619722088
    ],
    "test_loss": [
      0.11337271829446156,
      0.10509705129596922,
      0.10568074654373857,
      0.08905541565683153,
      0.092646273266938
    ],
    "train_iou": [
      0.8204139265276137,
      0.8598837096776281,
      0.869893114836443,
      0.8781227437513215,
      0.8876502410996527
    ],
    "test_iou": [
      0.8769758575492435,
      0.8825689322418637,
      0.8832899928092957,
      0.898301300075319,
      0.8999701175424788
    ],
    "train_acc": [
      0.8869891269575982,
      0.9151864502401579,
      0.9208269601776486,
      0.9274554568387213,
      0.9332772610442979
    ],
    "test_acc": [
      0.9227124419477251,
      0.9257805844148,
      0.9268399874369303,
      0.9369800918632083,
      0.9380485382344987
    ]
  }
}