{
  "Full fine-tune (freeze 0)": {
    "train_loss": [
      0.22326572075308787,
      0.15656259026200997,
      0.1381714479731662,
      0.1312339644701708,
      0.11429349741055853
    ],
    "test_loss": [
      0.19149641444285712,
      0.18485816650920445,
      0.13118497075306046,
      0.12397125073605114,
      0.11107979632086223
    ],
    "train_iou": [
      0.7663355653307268,
      0.8281122921478181,
      0.8482065725894201,
      0.855340278219609,
      0.8725795394607953
    ],
    "test_iou": [
      0.7953911390569475,
      0.8016343812147776,
      0.8563865058951907,
      0.8621974421872033,
      0.8758141530884637
    ],
    "train_acc": [
      0.8471690648723216,
      0.8935144540099871,
      0.9061904780211902,
      0.911730744654224,
      0.9238696694374084
    ],
    "test_acc": [
      0.8690533339977264,
      0.8778023951583438,
      0.907326403591368,
      0.914153559340371,
      0.9223542047871484
    ]
  },
  "Freeze 1 block": {
    "train_loss": [
      0.208346816533733,
      0.14911958322461163,
      0.13031935195128122,
      0.11870328252691598,
      0.10911798474955417
    ],
    "test_loss": [
      0.1620119106438425,
      0.14932097246249518,
      0.12574393964476055,
      0.1249452212618457,
      0.13657086052828366
    ],
    "train_iou": [
      0.7839114960460436,
      0.8370419591665268,
      0.8563673145004681,
      0.8678005405125164,
      0.8770063285316739
    ],
    "test_iou": [
      0.8202667468123965,
      0.8423527744081285,
      0.8648298813237084,
      0.8610602815945944,
      0.8486092057492998
    ],
    "train_acc": [
      0.8574055518422808,
      0.8975488021969795,
      0.912289616962274,
      0.9203606318859827,
      0.9269310491425651
    ],
    "test_acc": [
      0.8757870064841377,
      0.8955044580830468,
      0.9156731367111206,
      0.9132778545220693,
      0.8982632590664757
    ]
  },
  "Freeze 2 blocks": {
    "train_loss": [
      0.19209495483941974,
      0.14010969021668038,
      0.12132208734484655,
      0.1093550016216579,
      0.1012578962282056
    ],
    "test_loss": [
      0.1408289766146077,
      0.15623746688167253,
      0.1160280704498291,
      0.10010692766971058,
      0.09841169127159649
    ],
    "train_iou": [
      0.801149435518753,
      0.8463882442031588,
      0.8664753919556027,
      0.877236583048389,
      0.8873987556213424
    ],
    "test_iou": [
      0.8480815920564864,
      0.8316238290733762,
      0.8678346110714806,
      0.887986958026886,
      0.8915298912260268
    ],
    "train_acc": [
      0.8714974263594264,
      0.9058651693520092,
      0.9191353168515932,
      0.9268976357721147,
      0.9331657127255485
    ],
    "test_acc": [
      0.9049191806051466,
      0.8854193654325273,
      0.9168818924162123,
      0.9312582214673361,
      0.9330142339070638
    ]
  },
  "Freeze all encoder (4 blocks)": {
    "train_loss": [
      0.176943046617366,
      0.12819478066549414,
      0.11526510937671576,
      0.10921855095685237,
      0.09990387651625843
    ],
    "test_loss": [
      0.12538322226868737,
      0.11174981420238812,
      0.10571204043096966,
      0.11711595662766033,
      0.09241924269331826
    ],
    "train_iou": [
      0.8174203474606786,
      0.8586269709325972,
      0.871098297337691,
      0.8786582130761373,
      0.8875703307844344
    ],
    "test_iou": [
      0.8646809392505221,
      0.874723537100686,
      0.886852953169081,
      0.8878049883577559,
      0.8966775006718106
    ],
    "train_acc": [
      0.8854761815496853,
      0.913543870761281,
      0.9223233305272602,
      0.9270325402418772,
      0.9331415888099444
    ],
    "test_acc": [
      0.9140734407636855,
      0.92265518506368,
      0.9306288560231527,
      0.9312401347690158,
      0.9359865486621857
    ]
  }
}